Kanton;Kürzel;Kantonsnummer;Standesstimme;Beitritt;Hauptort;Einwohner;Ausländer;Fläche;Einwohnerdichte;Amtssprache;Gemeinden
Zürich;ZH;1;1.0;1351;Zürich;1408575;25.0;1729.0;815.0;deutsch;Affoltern am Albis, Buchs (ZH), Winkel, Höri, Benken (ZH), Hausen am Albis, Schönenberg (ZH), Flurlingen, Dorf, Grüningen, Männedorf, Hettlingen, Wettswil am Albis, Dietlikon, Rorbas, Russikon, Laufen-Uhwiesen, Neftenbach, Aeugst am Albis, Steinmaur, Adlikon, Rheinau, Seegräben, Nürensdorf, Ottenbach, Bülach, Wädenswil, Hagenbuch, Kloten, Schleinikon, Oetwil am See, Fällanden, Rafz, Richterswil, Waltalingen, Weisslingen, Weiningen (ZH), Wiesendangen, Volketswil, Stadel, Kyburg, Dättlikon, Rifferswil, Wallisellen, Zell (ZH), Wildberg, Buch am Irchel, Ellikon an der Thur, Adliswil, Boppelsen, Weiach, Oberrieden, Oberembrach, Mönchaltorf, Schlieren, Henggart, Altikon, Truttikon, Oberengstringen, Geroldswil, Wil (ZH), Bachs, Neerach, Fischenthal, Uetikon am See, Uitikon, Embrach, Schlatt (ZH), Opfikon, Greifensee, Bassersdorf, Dägerlen, Otelfingen, Pfungen, Regensdorf, Birmensdorf (ZH), Meilen, Dürnten, Stäfa, Thalheim an der Thur, Rüti (ZH), Berg am Irchel, Flaach, Elsau, Stallikon, Niederglatt, Hüttikon, Feuerthalen, Andelfingen, Wasterkingen, Horgen, Kappel am Albis, Unterstammheim, Eglisau, Brütten, Urdorf, Hofstetten (ZH), Hombrechtikon, Schwerzenbach, Hüntwangen, Regensberg, Herrliberg, Dübendorf, Bonstetten, Schöfflisdorf, Zürich, Hittnau, Turbenthal, Humlikon, Illnau-Effretikon, Winterthur, Thalwil, Küsnacht (ZH), Obfelden, Rüschlikon, Knonau, Oetwil an der Limmat, Uster, Kilchberg (ZH), Rümlang, Aesch (ZH), Oberweningen, Fehraltorf, Dällikon, Oberglatt, Freienstein-Teufen, Dielsdorf, Dietikon, Maur, Niederweningen, Lufingen, Hinwil, Pfäffikon, Wald (ZH), Wetzikon (ZH), Erlenbach (ZH), Gossau (ZH), Seuzach, Dachsen, Wangen-Brüttisellen, Hochfelden, Oberstammheim, Unterengstringen, Maschwanden, Dänikon, Sternenberg, Bachenbülach, Bäretswil, Hirzel, Kleinandelfingen, Hedingen, Elgg, Dinhard, Marthalen, Bubikon, Egg, Rickenbach (ZH), Volken, Zollikon, Niederhasli, Zumikon, Lindau, Langnau am Albis, Ossingen, Trüllikon, Hütten, Glattfelden, Bauma, Wila, Mettmenstetten
Bern;BE;2;1.0;1353;Bern;992617;13.8;5959.0;167.0;deutsch, französisch;Kallnach, Biel/Bienne, Saxeten, Interlaken, Linden, Tägertschi, Kiesen, Oberdiessbach, Wiedlisbach, Bannwil, Rohrbach, Neuenegg, Corcelles (BE), Schelten, Niederbipp, Lütschental, Rubigen, Wohlen bei Bern, Walliswil bei Niederbipp, Aarwangen, Busswil bei Melchnau, Lengnau (BE), Horrenbach-Buchen, Attiswil, Bätterkinden, Rumisberg, Arni (BE), Niederönz, Brienz (BE), Häutligen, Safnern, Hasliberg, Huttwil, Aefligen, Ochlenberg, Ostermundigen, Meinisberg, Homberg, Forst-Längenbühl, Zweisimmen, Ringgenberg (BE), Lützelflüh, Finsterhennen, Zollikofen, Fraubrunnen, Sumiswald, Iseltwald, Niederösch, Herbligen, Sigriswil, Seedorf (BE), Wynigen, Corgémont, Madiswil, Därstetten, Hofstetten bei Brienz, Nods, Burgistein, Tavannes, Aeschi bei Spiez, Villeret, Röthenbach im Emmental, Crémines, Toffen, Lyssach, Müntschemier, Wileroltigen, Jegenstorf, Habkern, Bévilard, Seeberg, Bowil, Roggwil (BE), Kirchberg (BE), Bargen (BE), Erlach, Moutier, Oberhofen am Thunersee, Malleray, Châtelat, Schwendibach, Meikirch, Diessbach bei Büren, Péry, Vechigen, Iffwil, Ittigen, Rüti bei Büren, Scheuren, Rütschelen, Langnau im Emmental, Buchholterberg, Lotzwil, Meienried, Wilderswil, Wiler bei Utzenstorf, Thunstetten, Pieterlen, Loveresse, Oeschenbach, Wyssachen, Kandersteg, Därligen, Höchstetten, Oberburg, Brienzwiler, Kernenried, Mattstetten, Dotzigen, Boltigen, Inkwil, Zwieselberg, Mirchel, Allmendingen, Berken, Kandergrund, Bäriswil, Zielebach, Ipsach, Stocken-Höfen, Muri bei Bern, Sonceboz-Sombeval, Ligerz, Laupen, Pohlern, Graben, Ferenbalm, Ins, Tramelan, La Neuveville, Farnern, Oberwil bei Büren, Bühl, Alchenstorf, Souboz, Wangen an der Aare, Diemerswil, Studen (BE), Heimiswil, Schüpfen, Wattenwil, Herzogenbuchsee, Eggiwil, Rüderswil, Bangerten, Lenk, Gelterfingen, Gerzensee, Oberösch, Court, Orpund, Grosshöchstetten, Eriswil, Niederried bei Interlaken, Saules (BE), Schangnau, Schattenhalb, Bolligen, Tschugg, Saint-Imier, Utzenstorf, Kirchdorf (BE), Orvin, Zäziwil, Adelboden, Biglen, Unterlangenegg, Deisswil bei Münchenbuchsee, Kirchenthurnen, Blumenstein, Rüegsau, Affoltern im Emmental, Niederhünigen, Merzligen, Schlosswil, Port, Rüschegg, Mühlethurnen, Wangenried, Krauchthal, Sonvilier, Gündlischwand, Wiggiswil, Romont (BE), Vinelz, Fahrni, Gurzelen, Oberlangenegg, Moosseedorf, Gurbrü, Brügg, Beatenberg, Plateau de Diesse, Eschert, Bönigen, Oberthal, Thun, Bleienbach, Seehof, La Heutte, Walliswil bei Wangen, Arch, Cortébert, Erlenbach im Simmental, Eriz, Leuzigen, Leissigen, Guttannen, Rüti bei Lyssach, Heiligenschwendi, Guggisberg, Aegerten, Matten bei Interlaken, Ersigen, Worben, Mörigen, Uebeschi, Cormoret, Sauge, Diemtigen, Jaberg, Worb, Gondiswil, Wichtrach, Dürrenroth, Zuzwil (BE), Wynau, Lohnstorf, Bettenhausen, Innertkirchen, Gsteig, Steffisburg, Koppigen, Frutigen, Oberhünigen, Rüdtligen-Alchenflüh, Stettlen, Hilterfingen, Krattigen, Landiswil, Freimettigen, Oberwil im Simmental, Rumendingen, Münsingen, Trachselwald, Mühleberg, Kirchlindach, Unterseen, Meiringen, Pontenet, Wengi, Konolfingen, Kappelen, Wolfisberg, Rohrbachgraben, Mont-Tramelan, Saicourt, Oppligen, Büren an der Aare, Urtenen-Schönbühl, Champoz, Sorvilier, Uetendorf, Lauenen, Spiez, Treiten, Seftigen, Niedermuhlern, Trubschachen, Wachseldorn, Oberbipp, Büetigen, Täuffelen, Twann-Tüscherz, Hasle bei Burgdorf, Belp, Hindelbank, Münchenwiler, Rüeggisberg, Hellsau, Köniz, Heimenhausen, Gampelen, Melchnau, Schwanden bei Brienz, Hermrigen, Rümligen, Kehrsatz, Thierachern, Auswil, Grandval, Roches (BE), Riggisberg, Golaten, Signau, Bern, Lauperswil, La Ferrière, Reutigen, Lyss, Kaufdorf, Oberbalm, Hagneck, Lüscherz, Lauterbrunnen, Teuffenthal (BE), Rapperswil (BE), Brüttelen, Siselen, Sornetan, Trub, Mühledorf (BE), Evilard, Burgdorf, Mötschwil, Brenzikofen, Radelfingen, Reconvilier, Jens, Schwarzenburg, Schwarzhäusern, Frauenkappelen, Courtelary, Gals, Epsach, Aarberg, Bellmund, Amsoldingen, Langenthal, Kriechenwil, Walperswil, Schwadernau, Monible, Heimberg, Thörigen, Saanen, Clavaleyres, Obersteckholz, Bremgarten bei Bern, Noflen, Reisiswil, Walkringen, Rebévelier, Wimmis, Gsteigwiler, Sutz-Lattrigen, Ursenbach, Nidau, Renan (BE), Grossaffoltern, Uttigen, Oberried am Brienzersee, Münchenbuchsee, Walterswil (BE), St. Stephan, Willadingen, Grindelwald, Belprahon, Hermiswil, Reichenbach im Kandertal, Perrefitte, Wald (BE)
Luzern;LU;3;1.0;1332;Luzern;386082;16.8;1493.0;259.0;deutsch;Kriens, Inwil, Grossdietwil, Luzern, Zell (LU), Rain, Geuensee, Romoos, Hasle (LU), Horw, Schlierbach, Flühli, Altwis, Emmen, Altbüron, Buttisholz, Entlebuch, Ermensee, Triengen, Meierskappel, Wauwil, Hohenrain, Buchrain, Schenkon, Werthenstein, Wikon, Sempach, Malters, Rothenburg, Honau, Alberswil, Egolzwil, Schongau, Hergiswil bei Willisau, Pfaffnau, Luthern, Nottwil, Eich, Eschenbach (LU), Ruswil, Grosswangen, Escholzmatt-Marbach, Mauensee, Vitznau, Root, Sursee, Ufhusen, Roggliswil, Willisau, Aesch (LU), Adligenswil, Rickenbach (LU), Greppen, Beromünster, Hochdorf, Altishofen, Doppleschwand, Büron, Weggis, Gettnau, Reiden, Schwarzenberg, Knutwil, Dagmersellen, Oberkirch, Ballwil, Wolhusen, Römerswil, Schötz, Dierikon, Hitzkirch, Ebersecken, Menznau, Ettiswil, Udligenswil, Meggen, Fischbach, Gisikon, Neuenkirch, Hildisrieden, Schüpfheim, Ebikon, Nebikon
Uri;UR;4;1.0;1291;Altdorf;35693;10.7;1077.0;33.0;deutsch;Bürglen (UR), Isenthal, Erstfeld, Silenen, Seedorf (UR), Wassen, Bauen, Gurtnellen, Schattdorf, Altdorf (UR), Göschenen, Seelisberg, Unterschächen, Sisikon, Attinghausen, Flüelen, Realp, Hospental, Spiringen, Andermatt
Schwyz;SZ;5;1.0;1291;Schwyz;149830;19.3;908.0;165.0;deutsch;Oberiberg, Steinen, Morschach, Unteriberg, Illgau, Einsiedeln, Innerthal, Lauerz, Schwyz, Wangen (SZ), Sattel, Rothenthurm, Vorderthal, Ingenbohl, Tuggen, Reichenburg, Schübelbach, Alpthal, Wollerau, Riemenstalden, Küssnacht (SZ), Arth, Gersau, Altendorf, Galgenen, Lachen, Muotathal, Freienbach, Steinerberg, Feusisberg
Obwalden;OW;6;0.5;1291;Sarnen;36115;13.6;491.0;74.0;deutsch;Kerns, Lungern, Sachseln, Alpnach, Engelberg, Sarnen, Giswil
Nidwalden;NW;7;0.5;1291;Stans;41584;12.6;276.0;151.0;deutsch;Beckenried, Dallenwil, Hergiswil (NW), Wolfenschiessen, Stansstad, Oberdorf (NW), Buochs, Ennetmoos, Emmetten, Ennetbürgen, Stans
Glarus;GL;8;1.0;1352;Glarus;39369;21.8;685.0;57.0;deutsch;Glarus Nord, Glarus, Glarus Süd
Zug;ZG;9;1.0;1352;Zug;116575;25.6;239.0;488.0;deutsch;Oberägeri, Unterägeri, Steinhausen, Walchwil, Neuheim, Zug, Baar, Hünenberg, Risch, Menzingen, Cham
Freiburg;FR;10;1.0;1481;Freiburg;291395;20.6;1671.0;174.0;französisch, deutsch;Plaffeien, Misery-Courtion, Murten, Châtel-sur-Montsalvens, Ménières, Bossonnens, Autafond, Lully (FR), Fribourg, Giffers, Pierrafortscha, Villorsonnens, Rue, Hauteville, Wünnewil-Flamatt, Tafers, Haut-Intyamon, Treyvaux, Sévaz, Gletterens, Villarepos, Ursy, Sâles, Ferpicloz, Le Pâquier (FR), Neyruz (FR), Attalens, Senèdes, Delley-Portalban, Wallenried, Granges (Veveyse), Montet (Glâne), Grangettes, Granges-Paccot, Villars-sur-Glâne, Noréaz, Courgevaux, Courlevon, Plasselb, Chénens, Estavayer-le-Lac, Ueberstorf, Ulmiz, Schmitten (FR), Grandvillard, Gurmels, Rechthalten, Oberschrot, Pont-en-Ogoz, Kleinbösingen, Bösingen, Murist, Vuisternens-devant-Romont, Brünisried, Ecublens (FR), Echarlens, Saint-Aubin (FR), Châtonnaye, Riaz, Morlon, Meyriez, Saint-Martin (FR), Bussy (FR), Cheiry, St. Silvester, Vuissens, Villarsel-sur-Marly, Ried bei Kerzers, Galmiz, Jaun, Remaufens, Ponthaux, Bas-Intyamon, Ependes (FR), Gempenach, Dompierre (FR), Marly, Vernay, Rossens (FR), Hauterive (FR), Cugy (FR), Barberêche, Crésuz, Greng, Surpierre, Châtillon (FR), Bas-Vully, Muntelier, Alterswil, Arconciel, Le Mouret, La Folliaz, Vallon, Düdingen, Rueyres-les-Prés, Val-de-Charmey, Le Glèbe, Le Flon, La Verrerie, Fräschels, Corserey, Grolley, Auboranges, Corminboeuf, Marsens, Salvenach, Vuisternens-en-Ogoz, Lurtigen, Russy, La Sonnaz, Heitenried, Pont-la-Ville, Broc, Corbières, Mézières (FR), Cheyres, Villeneuve (FR), Kerzers, Semsales, Châbles, Gruyères, Châtel-Saint-Denis, Chésopelloz, Cressier (FR), Vuadens, Massonnens, Billens-Hennens, Cottens (FR), Fétigny, Chapelle (Glâne), La Brillaz, Morens (FR), Prévondavaux, Botterens, Sorens, Courtepin, Villaz-Saint-Pierre, Bulle, Corpataux-Magnedens, Prez-vers-Noréaz, Nuvilly, St. Antoni, Zumholz, Romont (FR), Haut-Vully, Le Châtelard, Avry, Matran, Vaulruz, Givisiez, St. Ursen, Jeuss, Farvagny, Tentlingen, Autigny, Belfaux, La Roche, Léchelles, Les Montets, Domdidier, Siviriez, Torny, Montagny (FR)
Solothurn;SO;11;1.0;1481;Solothurn;259283;20.0;791.0;328.0;deutsch;Hauenstein-Ifenthal, Gempen, Fulenbach, Horriwil, Kestenholz, Solothurn, Härkingen, Däniken, Langendorf, Gretzenbach, Lüterswil-Gächliwil, Bettlach, Hüniken, Dulliken, Halten, Oberbuchsiten, Obergerlafingen, Rohr (SO), Lüsslingen-Nennigkofen, Wisen (SO), Rüttenen, Etziken, Bolken, Luterbach, Kriegstetten, Niederbuchsiten, Kleinlützel, Dornach, Laupersdorf, Zuchwil, Wolfwil, Lostorf, Oensingen, Witterswil, Aeschi (SO), Flumenthal, Messen, Buchegg, Günsberg, Gunzgen, Subingen, Aedermannsdorf, Biberist, Oekingen, Feldbrunnen-St. Niklaus, Hofstetten-Flüh, Metzerlen-Mariastein, Olten, Drei Höfe, Selzach, Balsthal, Riedholz, Büren (SO), Herbetswil, Rickenbach (SO), Gänsbrunnen, Schönenwerd, Hubersdorf, Erschwil, Walterswil (SO), Welschenrohr, Trimbach, Rodersdorf, Beinwil (SO), Egerkingen, Seewen, Nunningen, Zullwil, Biezwil, Kammersrohr, Bärschwil, Balm bei Günsberg, Breitenbach, Hochwald, Unterramsern, Gerlafingen, Deitingen, Lüterkofen-Ichertswil, Erlinsbach (SO), Kappel (SO), Obergösgen, Derendingen, Meltingen, Himmelried, Lommiswil, Mümliswil-Ramiswil, Grindel, Schnottwil, Nuglar-St. Pantaleon, Oberdorf (SO), Winznau, Starrkirch-Wil, Stüsslingen, Niedergösgen, Fehren, Büsserach, Bättwil, Hägendorf, Holderbank (SO), Lohn-Ammannsegg, Wangen bei Olten, Kienberg, Grenchen, Boningen, Recherswil, Matzendorf, Neuendorf, Eppenberg-Wöschnau, Bellach
Basel-Stadt;BS;12;0.5;1501;Basel;194661;34.4;37.0;5261.0;deutsch;Basel, Bettingen, Riehen
Basel-Landschaft;BL;13;0.5;1501;Liestal;276537;20.1;518.0;534.0;deutsch;Aesch (BL), Schönenbuch, Füllinsdorf, Lausen, Dittingen, Häfelfingen, Thürnen, Langenbruck, Birsfelden, Rothenfluh, Bubendorf, Hemmiken, Gelterkinden, Ramlinsburg, Münchenstein, Zwingen, Arboldswil, Lauwil, Lampenberg, Kilchberg (BL), Pratteln, Anwil, Burg im Leimental, Waldenburg, Bretzwil, Grellingen, Roggenburg, Maisprach, Arisdorf, Buckten, Ormalingen, Zunzgen, Wittinsburg, Buus, Frenkendorf, Duggingen, Bottmingen, Brislach, Itingen, Zeglingen, Liestal, Diepflingen, Läufelfingen, Hölstein, Reigoldswil, Arlesheim, Tenniken, Rümlingen, Sissach, Augst, Allschwil, Reinach (BL), Niederdorf, Nusshof, Wintersingen, Hersberg, Rickenbach (BL), Lupsingen, Ziefen, Muttenz, Binningen, Oberwil (BL), Röschenz, Giebenach, Seltisberg, Böckten, Nenzlingen, Oberdorf (BL), Liedertswil, Biel-Benken, Therwil, Diegten, Ettingen, Liesberg, Oltingen, Bennwil, Blauen, Titterten, Wahlen, Wenslingen, Tecknau, Rünenberg, Pfeffingen, Laufen, Känerkinden, Eptingen
Schaffhausen;SH;14;1.0;1501;Schaffhausen;77955;24.4;298.0;262.0;deutsch;Thayngen, Lohn (SH), Trasadingen, Hemishofen, Neunkirch, Neuhausen am Rheinfall, Beringen, Buchberg, Stein am Rhein, Hallau, Oberhallau, Schaffhausen, Schleitheim, Bargen (SH), Stetten (SH), Dörflingen, Buch (SH), Wilchingen, Rüdlingen, Ramsen, Gächlingen, Büttenhardt, Löhningen, Beggingen, Siblingen, Merishausen
Appenzell Ausserrhoden;AR;15;0.5;1513;Herisau, Trogen;53438;14.6;243.0;220.0;deutsch;Waldstatt, Heiden, Stein (AR), Wald (AR), Lutzenberg, Trogen, Hundwil, Teufen (AR), Walzenhausen, Reute (AR), Grub (AR), Rehetobel, Gais, Schönengrund, Wolfhalden, Schwellbrunn, Speicher, Bühler, Herisau, Urnäsch
Appenzell Innerrhoden;AI;16;0.5;1513;Appenzell;15789;9.9;173.0;91.0;deutsch;Oberegg, Rüte, Schwende, Gonten, Appenzell, Schlatt-Haslen
St. Gallen;SG;17;1.0;1803;St. Gallen;487060;22.6;2026.0;240.0;deutsch;Hemberg, Andwil (SG), Gommiswald, Mörschwil, Oberbüren, Altstätten, Gossau (SG), Schmerikon, Kirchberg (SG), Au (SG), Niederbüren, Oberriet (SG), Eichberg, Quarten, Eggersriet, Wildhaus-Alt St. Johann, Niederhelfenschwil, Berg (SG), Eschenbach (SG), Widnau, Uznach, Rapperswil-Jona, Vilters-Wangs, Balgach, Lichtensteig, Rüthi (SG), Tübach, Degersheim, Rebstein, Grabs, Untereggen, Sevelen, Flums, Wartau, Oberuzwil, Rorschach, Thal, Benken (SG), Muolen, Gams, Wittenbach, Amden, Wattwil, Lütisburg, Berneck, Sennwald, Marbach (SG), Weesen, Zuzwil (SG), Walenstadt, Diepoldsau, Bad Ragaz, Buchs (SG), Flawil, Schänis, Rheineck, Neckertal, Goldach, Mels, Oberhelfenschwil, Gaiserwald, St. Gallen, Sargans, Kaltbrunn, Steinach, Wil (SG), Ebnat-Kappel, Bütschwil-Ganterschwil, Waldkirch, Mosnang, Nesslau, Häggenschwil, St. Margrethen, Pfäfers, Rorschacherberg, Jonschwil, Uzwil
Graubünden;GR;18;1.0;1803;Chur;193920;17.3;7105.0;27.0;deutsch, rätoromanisch, italienisch;Silvaplana, Mathon, Schiers, Zillis-Reischen, Trun, Pratval, Bivio, Tinizong-Rona, Urmein, Mutten, Val Müstair, Laax, Surava, Andeer, Tschiertschen-Praden, Roveredo (GR), Arosa, Trimmis, Marmorera, Obersaxen, Ferrera, Tomils, Soazza, Sent, Almens, Rothenbrunnen, Scharans, Salouf, La Punt-Chamues-ch, Madulain, Furna, Falera, Brienz/Brinzauls, Poschiavo, Lumnezia, St. Martin, Mesocco, Scuol, Jenins, St. Moritz, Haldenstein, Susch, Alvaneu, Sumvitg, Santa Maria in Calanca, Masein, Sils im Engadin/Segl, Trin, Mon, Savognin, Braggio, Paspels, Stierva, Lostallo, Verdabbio, Hinterrhein, Zizers, Lavin, Churwalden, Maladers, Andiast, Grono, Guarda, Leggia, San Vittore, Alvaschein, Splügen, Ardez, Chur, Seewis im Prättigau, Breil/Brigels, Felsberg, Saas, Sur, Sufers, Zuoz, Lantsch/Lenz, Domat/Ems, Rossa, Jenaz, Zernez, Grüsch, Luzein, Medel (Lucmagn), Rongellen, Cama, Sagogn, Maienfeld, Landquart, Bergün/Bravuogn, Davos, Rodels, Flims, Disentis/Mustér, Schluein, Brusio, Arvigo, Klosters-Serneus, Pontresina, Riom-Parsonz, Tschappina, Vals, Ftan, Fideris, Cazis, Flerden, Lohn (GR), Küblis, Rhäzüns, Tiefencastel, Buseno, Samedan, Mundaun, Valsot, Untervaz, Ilanz/Glion, Sils im Domleschg, Tarasp, Thusis, Safiental, Bonaduz, Donat, Bregaglia, Vaz/Obervaz, Conters im Prättigau, Casti-Wergenstein, Cauco, Cunter, Fürstenau, Selma, Castaneda, Nufenen, Schmitten (GR), Waltensburg/Vuorz, Bever, S-chanf, Fläsch, Filisur, Avers, Mulegns, Tamins, Celerina/Schlarigna, St. Antönien, Malans, Tujetsch, Samnaun
Aargau;AG;19;1.0;1803;Aarau;627893;23.0;1404.0;447.0;deutsch;Böttstein, Villnachern, Besenbüren, Wegenstetten, Bellikon, Sarmenstorf, Küttigen, Muri (AG), Mägenwil, Lupfig, Stein (AG), Zuzgen, Zeihen, Mumpf, Birmenstorf (AG), Othmarsingen, Rothrist, Villmergen, Herznach, Niederlenz, Erlinsbach (AG), Holziken, Spreitenbach, Thalheim (AG), Hendschiken, Niederwil (AG), Bad Zurzach, Remetschwil, Bergdietikon, Murgenthal, Ennetbaden, Turgi, Mettauertal, Holderbank (AG), Olsberg, Fislisbach, Brugg, Leibstadt, Hägglingen, Zeiningen, Oberrohrdorf, Elfingen, Bottenwil, Wittnau, Würenlingen, Egliswil, Leimbach (AG), Ammerswil, Wiliberg, Büttikon, Birr, Oeschgen, Aarburg, Hallwil, Veltheim (AG), Widen, Rheinfelden, Oberhof, Moosleerau, Baldingen, Staufen, Seon, Zofingen, Dietwil, Laufenburg, Leuggern, Berikon, Frick, Aarau, Birrhard, Brunegg, Rupperswil, Sins, Oberlunkhofen, Oberkulm, Suhr, Rietheim, Mellingen, Villigen, Kirchleerau, Beinwil am See, Seengen, Mellikon, Auenstein, Freienwil, Wislikofen, Strengelbach, Hornussen, Vordemwald, Teufenthal (AG), Kallern, Mülligen, Unterentfelden, Rudolfstetten-Friedlisberg, Dintikon, Lengnau (AG), Reinach (AG), Geltwil, Kölliken, Leutwil, Unterlunkhofen, Niederrohrdorf, Gontenschwil, Lenzburg, Zufikon, Kaiserstuhl, Uezwil, Münchwilen (AG), Remigen, Birrwil, Stetten (AG), Obersiggenthal, Bözen, Rottenschwil, Schinznach, Uerkheim, Mönthal, Zetzwil, Wallbach, Schlossrued, Klingnau, Hausen (AG), Kaisten, Full-Reuenthal, Attelwil, Muhen, Kaiseraugst, Fisibach, Gebenstorf, Gansingen, Staffelbach, Hunzenschwil, Scherz, Habsburg, Wohlen (AG), Auw, Böbikon, Oberwil-Lieli, Oberrüti, Schmiedrued, Obermumpf, Rüfenach, Schinznach-Bad, Beinwil (Freiamt), Safenwil, Dottikon, Islisberg, Baden, Oftringen, Koblenz, Burg (AG), Würenlos, Dürrenäsch, Abtwil, Windisch, Effingen, Wettingen, Tegerfelden, Hellikon, Tägerig, Künten, Rekingen (AG), Schneisingen, Eiken, Boniswil, Bözberg, Killwangen, Untersiggenthal, Eggenwil, Mühlau, Buchs (AG), Waltenschwil, Schwaderloch, Schafisheim, Bremgarten (AG), Schöftland, Merenschwand, Bettwil, Möriken-Wildegg, Möhlin, Döttingen, Fahrwangen, Sisseln, Mandach, Hirschthal, Gipf-Oberfrick, Oberentfelden, Ueken, Boswil, Endingen, Densbüren, Magden, Jonen, Arni (AG), Menziken, Reitnau, Wohlenschwil, Aristau, Ehrendingen, Riniken, Siglistorf, Biberstein, Fischbach-Göslikon, Buttwil, Brittnau, Gränichen, Schupfart, Wölflinswil, Meisterschwanden, Rümikon, Bünzen, Unterkulm, Neuenhof
Thurgau;TG;20;1.0;1803;Frauenfeld;256213;23.1;991.0;259.0;deutsch;Eschenz, Bischofszell, Wäldi, Birwinken, Amlikon-Bissegg, Hohentannen, Pfyn, Berg (TG), Sulgen, Schlatt (TG), Hauptwil-Gottshaus, Tobel-Tägerschen, Rickenbach (TG), Amriswil, Bichelsee-Balterswil, Wängi, Salenstein, Langrickenbach, Matzingen, Felben-Wellhausen, Homburg, Berlingen, Romanshorn, Güttingen, Kemmental, Diessenhofen, Raperswilen, Wigoltingen, Weinfelden, Lommis, Fischingen, Frauenfeld, Uesslingen-Buch, Müllheim, Märstetten, Roggwil (TG), Münchwilen (TG), Bettwiesen, Braunau, Aadorf, Gachnang, Wilen (TG), Erlen, Warth-Weiningen, Dozwil, Uttwil, Basadingen-Schlattingen, Kradolf-Schönenberg, Münsterlingen, Zihlschlacht-Sitterdorf, Gottlieben, Kreuzlingen, Wuppenau, Affeltrangen, Thundorf, Herdern, Hefenhofen, Sommeri, Stettfurt, Salmsach, Steckborn, Lengwil, Bürglen (TG), Altnau, Schönholzerswilen, Hüttwilen, Ermatingen, Tägerwilen, Arbon, Horn, Bussnang, Egnach, Hüttlingen, Kesswil, Neunforn, Bottighofen, Wagenhausen, Mammern, Sirnach, Eschlikon
Tessin;TI;21;1.0;1803;Bellinzona;341652;27.4;2812.0;121.0;italienisch;Caslano, Porza, Riva San Vitale, Serravalle, Giornico, Magliaso, Melide, Monteggio, Vico Morcote, Cureglia, Bosco/Gurin, Dalpe, Muzzano, Isorno, Ponte Capriasca, Bodio, Vogorno, Collina d'Oro, Comano, Ponte Tresa, Gambarogno, Quinto, Mezzovico-Vira, Arbedo-Castione, Tenero-Contra, Novazzano, Centovalli, Lavertezzo, Locarno, Minusio, Bioggio, Manno, Gravesano, Morbio Inferiore, Lavizzara, Sementina, Massagno, Melano, Cugnasco-Gerra, Pura, Cadenazzo, Acquarossa, Pollegio, Iragna, Bedigliora, Cresciano, Croglio, Sonogno, Orselina, Gordola, Brione (Verzasca), Canobbio, Sorengo, Balerna, Brissago, Muralto, Cademario, Arogno, Corippo, Bedretto, Bissone, Faido, Gresso, Sant'Antonino, Biasca, Avegno Gordevio, Camorino, Ascona, Bedano, Cerentino, Frasco, Astano, Claro, Novaggio, Curio, Lamone, Sessa, Airolo, Giubiasco, Capriasca, Bellinzona, Paradiso, Osogna, Pianezzo, Gorduno, Terre di Pedemonte, Vernate, Coldrerio, Prato (Leventina), Preonzo, Brusino Arsizio, Blenio, Miglieglia, Castel San Pietro, Cevio, Sobrio, Vezia, Vacallo, Moleno, Cadempino, Grancia, Alto Malcantone, Onsernone, Campo (Vallemaggia), Sant'Antonio, Maroggia, Stabio, Isone, Monteceneri, Ronco sopra Ascona, Lodrino, Lugano, Monte Carasso, Mergoscia, Mendrisio, Gnosca, Linescio, Maggia, Neggio, Rovio, Savosa, Origlio, Losone, Lumino, Brione sopra Minusio, Torricella-Taverne, Breggia, Morcote, Agno, Gudo, Personico, Chiasso, Vergeletto, Mosogno, Aranno
Waadt;VD;22;1.0;1803;Lausanne;729971;32.1;3212.0;227.0;französisch;Mauraz, Montricher, Trey, Ecublens (VD), Grandcour, Saint-Oyens, Syens, Essertes, L'Isle, Yverdon-les-Bains, Concise, Vugelles-La Mothe, Dizy, Les Clées, Mont-la-Ville, Crissier, Crans-près-Céligny, Echichens, Marchissy, Saint-George, Givrins, Saint-Barthélemy (VD), Tolochenaz, Ogens, Rougemont, Sergey, Le Mont-sur-Lausanne, Ormont-Dessus, Corseaux, Rennaz, Bussigny-près-Lausanne, Romanel-sur-Morges, Gilly, Berolle, Bassins, Bioley-Orjulaz, Bremblens, Rossenges, Eysins, Orbe, Dully, Mathod, Bioley-Magnoux, Belmont-sur-Yverdon, Avenches, Arzier, Chevroux, Etagnières, Gimel, Yvonand, Daillens, Vevey, Montcherand, Ballaigues, Donneloye, Vuarrens, Yvorne, Lausanne, Saint-Saphorin (Lavaux), Saint-Prex, Coppet, Oppens, Rovray, Ferreyres, Lutry, Signy-Avenex, Clarmont, Morges, Founex, Lignerolle, Bursins, Vullierens, Penthalaz, Dompierre (VD), Ollon, Grancy, Eclépens, Chéserex, Vinzel, Sainte-Croix, Froideville, Grandson, Romanel-sur-Lausanne, Savigny, Le Lieu, La Praz, Vufflens-la-Ville, Villeneuve (VD), Saint-Livres, Bottens, Chavannes-des-Bois, L'Abergement, Cremin, Juriens, Ormont-Dessous, La Chaux (Cossonay), Mauborget, Onnens (VD), Rolle, Payerne, Longirod, Treytorrens (Payerne), Chesalles-sur-Moudon, Cheseaux-Noréaz, Etoy, Chardonne, Fey, Agiez, Montreux, Lussery-Villars, Cheseaux-sur-Lausanne, Ropraz, Cuarnens, Epalinges, Chigny, Valeyres-sous-Montagny, Pampigny, Boulens, Renens (VD), Chavannes-de-Bogis, Goumoëns, Lucens, Puidoux, Chavannes-sur-Moudon, Lovatens, Champagne, Echallens, Le Vaud, Romainmôtier-Envy, Lonay, Rivaz, Prangins, Veytaux, Chamblon, Villars-Sainte-Croix, Forel-sur-Lucens, Vich, Boussens, Moudon, Oulens-sous-Echallens, Orzens, Cuarny, Hermenches, Luins, Villarzel, Corcelles-le-Jorat, Vully-les-Lacs, Chessel, Croy, Senarclens, Penthéréaz, Denges, Valbroye, Bougy-Villars, Penthaz, Chavannes-le-Veyron, Paudex, Pomy, Bournens, Vaulion, Jongny, Lussy-sur-Morges, Essertines-sur-Yverdon, Curtilles, Lully (VD), Villars-sous-Yens, Villars-le-Comte, Corbeyrier, Champtauroz, Bavois, Démoret, Saubraz, Yens, Grandevent, Montherod, Bullet, Cudrefin, Premier, Crassier, Bofflens, Mont-sur-Rolle, Apples, Roche (VD), Fontaines-sur-Grandson, Trélex, Chavannes-près-Renens, Vufflens-le-Château, Chexbres, Reverolle, Mollens (VD), Echandens, Mies, Corcelles-sur-Chavornay, Moiry, Lavigny, Leysin, Belmont-sur-Lausanne, Saint-Légier-La Chiésaz, Novalles, Arnex-sur-Orbe, Chavannes-le-Chêne, Bretonnières, Baulmes, Jorat-Menthue, Mex (VD), Gryon, Château-d'Oex, Missy, Aigle, Le Chenit, Vucherens, Vulliens, Vaux-sur-Morges, Corcelles-près-Payerne, Denens, L'Abbaye, Gland, Pompaples, Tartegnin, La Sarraz, Bex, Pully, Essertines-sur-Rolle, Aclens, Allaman, Montilliez, Cugy (VD), La Tour-de-Peilz, Villars-Epeney, Ferlens (VD), Treycovagnes, Corsier-sur-Vevey, Orges, La Rippe, Champvent, Maracon, Corcelles-près-Concise, Saint-Cergue, Cronay, Buchillon, Valeyres-sous-Rances, Cottens (VD), Vuiteboeuf, Féchy, Bogis-Bossey, Essert-Pittet, Aubonne, Sarzens, Rueyres, Mézières (VD), Suscévaz, Brenles, Faoug, Fiez, Saint-Sulpice (VD), Blonay, Cossonay, Servion, Préverenges, Grens, Perroy, Molondin, Chêne-Pâquier, Sullens, Poliez-Pittet, Vallorbe, Chevilly, Orny, Chavornay, Lavey-Morcles, Pailly, Prilly, Bettens, Suchy, Bussy-sur-Moudon, Bière, Begnins, Burtigny, Prévonloup, Arnex-sur-Nyon, Provence, Duillier, Bursinel, Bercher, Bussy-Chardonney, Rances, Bonvillars, Montanaire, Assens, Villars-le-Terroir, Coinsins, Ursins, Giez, Tannay, Montpreveyres, Jouxtens-Mézery, Borex, Ballens, Bourg-en-Lavaux, Nyon, Sévery, Morrens (VD), Mutrux, Valeyres-sous-Ursins, Oron, Gingins, Tévenon, Forel (Lavaux), Genolier, Henniez, Noville, Commugny, Bretigny-sur-Morrens, Ependes (VD), Carrouge (VD), Rossinière, Montagny-près-Yverdon, Gollion
Wallis;VS;23;1.0;1815;Sitten;321732;22.0;5224.0;62.0;französisch, deutsch;Vollèges, Niederwald, Vionnaz, Bitsch, Zeneggen, Saillon, Salgesch, Mörel-Filet, Collonges, Saas-Fee, Grimisuat, Saas-Almagell, Lax, Mont-Noble, Steg-Hohtenn, Blatten, Bagnes, Nendaz, Vernayaz, Vérossaz, Conthey, Eggerberg, Orsières, Isérables, Zwischbergen, Ayent, Martigny-Combe, Miège, Ried-Brig, Randogne, Bürchen, Oberems, Saas-Balen, Champéry, St. Niklaus, Bourg-Saint-Pierre, Vétroz, Anniviers, Chippis, Törbel, Ernen, Grafschaft, Sion, Massongex, Grächen, Mollens (VS), Eisten, Fiesch, Veyras, Saas-Grund, Port-Valais, Raron, Münster-Geschinen, Grengiols, Niedergesteln, Lalden, Riddes, Guttet-Feschel, Evionnaz, Savièse, Binn, Bister, Collombey-Muraz, Ergisch, Wiler (Lötschen), Charrat, Visperterminen, Troistorrents, Ferden, Fieschertal, Blitzingen, Evolène, Bellwald, Fully, Monthey, Obergoms, Leukerbad, Veysonnaz, Visp, Sembrancher, Ardon, Reckingen-Gluringen, Chalais, Stalden (VS), Baltschieder, Bettmeralp, Lens, Venthône, Salvan, Finhaut, Turtmann-Unterems, Unterbäch, Chamoson, Embd, Montana, Albinen, Agarn, Naters, Simplon, Inden, Ausserberg, Riederalp, Vouvry, Bovernier, Trient, Termen, Val-d'Illiez, Dorénaz, Saint-Gingolph, Täsch, Grône, Liddes, Hérémence, Arbaz, Zermatt, Saint-Léonard, Vex, Brig-Glis, Saxon, Staldenried, Icogne, Varen, Chermignon, Sierre, Leytron, Kippel, Saint-Maurice, Saint-Martin (VS), Leuk, Martigny, Les Agettes, Eischoll, Randa, Gampel-Bratsch
Neuenburg;NE;24;1.0;1815;Neuenburg;174554;24.6;803.0;217.0;französisch;Vaumarcus, Saint-Aubin-Sauges, Cornaux, Neuchâtel, Les Verrières, Gorgier, La Sagne, Le Cerneux-Péquignot, La Côte-aux-Fées, Rochefort, Le Locle, Bevaix, Corcelles-Cormondrèche, La Tène, Valangin, Milvignes, Hauterive (NE), Le Landeron, Val-de-Travers, Boudry, Fresens, Enges, Lignières, La Brévine, Cortaillod, Val-de-Ruz, Peseux, Saint-Blaise, La Chaux-du-Milieu, Les Planchettes, Brot-Dessous, Cressier (NE), Les Brenets, La Chaux-de-Fonds, Les Ponts-de-Martel, Montalchez, Brot-Plamboz
Genf;GE;25;1.0;1815;Genf;476024;37.2;282.0;1688.0;französisch;Genthod, Bernex, Vernier, Carouge (GE), Puplinge, Collex-Bossy, Presinge, Lancy, Satigny, Soral, Bardonnex, Thônex, Laconnex, Meinier, Cartigny, Hermance, Troinex, Cologny, Gy, Vandoeuvres, Chancy, Bellevue, Chêne-Bourg, Perly-Certoux, Genève, Collonge-Bellerive, Avusy, Meyrin, Pregny-Chambésy, Le Grand-Saconnex, Chêne-Bougeries, Choulex, Corsier (GE), Veyrier, Russin, Onex, Plan-les-Ouates, Avully, Dardagny, Anières, Céligny, Confignon, Versoix, Aire-la-Ville, Jussy
Jura;JU;26;1.0;1979;Delsberg;70942;13.1;838.0;85.0;französisch;Rocourt, Damphreux, Les Breuleux, Clos du Doubs, Muriaux, Bourrignon, Châtillon (JU), Montfaucon, Alle, Rebeuvelier, Lajoux (JU), Fontenais, Soyhières, Rossemaison, Le Noirmont, Bure, Saint-Brais, Pleigne, Movelier, Saulcy, Haute-Sorne, Soubey, Basse-Allaine, Haute-Ajoie, Les Bois, Cornol, Mervelier, Courtedoux, Fahy, Coeuve, Ederswiler, Boécourt, La Baroche, Courtételle, Courgenay, Les Enfers, Courchavon, Val Terbi, Vendlincourt, Mettembert, Courrendlin, Le Bémont (JU), Boncourt, Corban, Porrentruy, Les Genevez (JU), Bonfol, Delémont, La Chaux-des-Breuleux, Grandfontaine, Saignelégier, Courroux, Vellerat, Lugnez, Beurnevésin, Courchapoix, Develier